{
  "columns": [
    "value"
  ],
  "summary": {
    "value": {
      "count": 200,
      "mean": 0.697031124830246,
      "std": 0.170694986995497,
      "min": 0.2863256633281708,
      "max": 1.0929558277130127,
      "p05": 0.397567044198513,
      "p95": 1.0033663868904112,
      "band": [
        0.35564115083925196,
        1.0384210988212401
      ],
      "refusal_index": 0.03,
      "tracking_error": 0.06305482189858978,
      "vitality": 0.24488826399079924
    }
  }
}